name,work,topics,suggestion,lang ,year,years_dec,country,birth_place,Coordinate_LAT,Coordinate_LONG,Source
Bwanikwa ,authoress,abolishment slavery,TEN TIMES A SLAVE,Chiluba,1895,1890s,Zambia,Northeastern Rhodesia,-10.38241201,29.10202956,"M. J. Daymond, Dorothy Driver, Sheila Meintjes, Leloba Molema, Chiedza Musengezi, Margie Orford, Nobantu Rasebotsa (2003). Women writing africa: The Southern Region. The Feminist Press at the City University of New York."
Nditi Ba,poetess,abolishment slavery,"MAKORI, OR THE TRIUMPH OF SLAVES",Fulfulde,1998,1990s,Senegal,"Bogo, Fuuta kingdom",16.65891638,-14.96760633,"Esi Sutherland-Addy, Aminata Diaw (2005). Women writing africa: West Africa and the sahel. Feminist Press at the City University of New York."
Sultan Fatima binti Muhammad Mkubwa,ruler,anti-colonialism,PEACE AND SECURITY,Kiswahili,1711,1700,Tanzania,Kilwa Island ,-8.979277211,39.52431875,"Amandina Lihamba , Fulata L . Moyo , M.M . Mulokozi, Naomi L. Shitemi, Saida Yahya-Othman(2007). Women writing africa: the eastern region. Feminist Press at the City University of New York."
Song of the coffee girls (communal),singer,anti-colonialism,SONG OF THE COFFEE GlRLS,Gikuyu,1922,1920s,Kenya,,0.4991468746,37.89389978,"Amandina Lihamba , Fulata L . Moyo , M.M . Mulokozi, Naomi L. Shitemi, Saida Yahya-Othman(2007). Women writing africa: the eastern region. Feminist Press at the City University of New York."
Mwana Hashima binti Sheikh,civil servant,anti-colonialism,A PETITION,Kiswahili,1930,1930s,Kenya,Lamu Island,-2.29411001,40.83338848,"Amandina Lihamba , Fulata L . Moyo , M.M . Mulokozi, Naomi L. Shitemi, Saida Yahya-Othman(2007). Women writing africa: the eastern region. Feminist Press at the City University of New York."
CM. binti Hassan,unknown,anti-colonialism,"AN AFRICAN MARRIES A WHITE THROUGH
MERE WORLDLY DESIRES 
",Kiswahili,1946,1940s,Tanzania,Tabora,-5.050197414,32.81784822,"Amandina Lihamba , Fulata L . Moyo , M.M . Mulokozi, Naomi L. Shitemi, Saida Yahya-Othman(2007). Women writing africa: the eastern region. Feminist Press at the City University of New York."
Genda Mislay Lohi,authoress,anti-colonialism,AN UNUSUAL GIRLHOOD,Iraqw,1964,1960s,Tanzania,Mbulu,-3.85452309,35.53994169,"Amandina Lihamba , Fulata L . Moyo , M.M . Mulokozi, Naomi L. Shitemi, Saida Yahya-Othman(2007). Women writing africa: the eastern region. Feminist Press at the City University of New York."
Hannah Tsumah,teacher,anti-colonialism,"MEKATILILI, THE MlJIKENDA WARRIOR",Kiduruma,2000,2000s,Kenya,"Maandani, Kaloleni",-3.833612123,39.64342053,"Amandina Lihamba , Fulata L . Moyo , M.M . Mulokozi, Naomi L. Shitemi, Saida Yahya-Othman(2007). Women writing africa: the eastern region. Feminist Press at the City University of New York."
The White Man Has Come (Women of Passore and Ladre),singer,anti-colonialism,THE WHITE MAN HAS COME,Mooré,1988,1980s,Burkina Faso,Taosgo and Samba villages,12.81719231,-2.20355299,"Esi Sutherland-Addy, Aminata Diaw (2005). Women writing africa: West Africa and the sahel. Feminist Press at the City University of New York."
Lassie Ndondo,teacher,anti-colonialism,QAPHELA INGANE,siNdebele,1962,1960s,Zimbabwe,Bulawayo,-17.86830035,31.35823574,"M. J. Daymond, Dorothy Driver, Sheila Meintjes, Leloba Molema, Chiedza Musengezi, Margie Orford, Nobantu Rasebotsa (2003). Women writing africa: The Southern Region. The Feminist Press at the City University of New York."
!Unn/obe Morethl^iva,♀,anti-colonialism,"TOBACCO, SUGAR, ALCOHOL, AND COFFEE: THESE THINGS HAVE TURNED US INTO SLAVES",Ju/’hoansi,1971,1970s,Botswana,Kauri,-21.42239635,22.08000625,"M. J. Daymond, Dorothy Driver, Sheila Meintjes, Leloba Molema, Chiedza Musengezi, Margie Orford, Nobantu Rasebotsa (2003). Women writing africa: The Southern Region. The Feminist Press at the City University of New York."
Nana Yaa Tiakaa,poetess,"belief, spirituality, religion, cosmogony, ancestrality",THE POOR ORPHANE: A FOLKTALE,Akan-Twi,1995,1990s,Ghana,Wenchi,7.74905985,-2.11632812,"Esi Sutherland-Addy, Aminata Diaw (2005). Women writing africa: West Africa and the sahel. Feminist Press at the City University of New York."
Martha Tbabi,teacher,"belief, spirituality, religion, cosmogony, ancestrality","MY GOD, WHY HAVE YOU FORSAKEN ME?",Ngoni,1890,1890s,Malawi,"Njuya, Ngoniland",-11.73496906,33.58850077,"M. J. Daymond, Dorothy Driver, Sheila Meintjes, Leloba Molema, Chiedza Musengezi, Margie Orford, Nobantu Rasebotsa (2003). Women writing africa: The Southern Region. The Feminist Press at the City University of New York."
Jessie Nyagondwe ,composer,"belief, spirituality, religion, cosmogony, ancestrality",LET NOT YOUR HEART BE TROUBLED,Chitumbuka,1890s,1890s,Malawi,Northern shores of Lake Malawi,-10.59244532,34.16775963,"M. J. Daymond, Dorothy Driver, Sheila Meintjes, Leloba Molema, Chiedza Musengezi, Margie Orford, Nobantu Rasebotsa (2003). Women writing africa: The Southern Region. The Feminist Press at the City University of New York."
Olorisa Osun,"religious leader, ritual celebrant, healer","belief, spirituality, religion, cosmogony, ancestrality",PRAISE POEM FOR OSUN,Yoruba,1981,1980s,Nigeria,Osun River,7.695752215,4.379752153,"Esi Sutherland-Addy, Aminata Diaw (2005). Women writing africa: West Africa and the sahel. Feminist Press at the City University of New York."
Béatrice Djedja,singer,"belief, spirituality, religion, cosmogony, ancestrality","MAIETO, OR THE BATTLE OF THE SEXES",Bété,2000,2000s,Côte d'Ivoire,"Yacohdaboudy, Soubré",5.953121533,-6.549610019,"Esi Sutherland-Addy, Aminata Diaw (2005). Women writing africa: West Africa and the sahel. Feminist Press at the City University of New York."
The Plump Woman's Song (communal),singer,"belief, spirituality, religion, cosmogony, ancestrality",THE PLUMP WOMAN'S SONG,Songhai-Zarma,1972,1970s,Niger ,Songhai-Zarma,14.41835758,0.9321638744,"Esi Sutherland-Addy, Aminata Diaw (2005). Women writing africa: West Africa and the sahel. Feminist Press at the City University of New York."
Binta Bojang,authoress,"belief, spirituality, religion, cosmogony, ancestrality","KANYELENG, OR CHILDLESS",Malinke,2000,2000s,Gambia,Malinke motherland,13.56734085,-16.04337713,"Esi Sutherland-Addy, Aminata Diaw (2005). Women writing africa: West Africa and the sahel. Feminist Press at the City University of New York."
Nanahemmaa ToaaAmpofo Tua III,"religious leader, ritual celebrant, healer","belief, spirituality, religion, cosmogony, ancestrality","NTAM, AN OATH",Akan-Twi,1989,1980s,Ghana,Wenchi,7.701866758,-2.086629245,"Esi Sutherland-Addy, Aminata Diaw (2005). Women writing africa: West Africa and the sahel. Feminist Press at the City University of New York."
Zebuglo of Loho (communal),farmer,"belief, spirituality, religion, cosmogony, ancestrality",ZEBUGLO OF LOHO,Daagare,1999,1990s,Ghana,Radio Progress,10.06809636,-2.507349651,"Esi Sutherland-Addy, Aminata Diaw (2005). Women writing africa: West Africa and the sahel. Feminist Press at the City University of New York."
Hadjia Barmani Coge,singer,"belief, spirituality, religion, cosmogony, ancestrality",ALLAH IS THE LIGHT IN THE DARKNESS,Hausa,1979,1970s,Nigeria,Funtua,11.51355666,7.294346193,"Esi Sutherland-Addy, Aminata Diaw (2005). Women writing africa: West Africa and the sahel. Feminist Press at the City University of New York."
Afua Kuma,farmer,"belief, spirituality, religion, cosmogony, ancestrality",JESUS OF THE DEEP FOREST,Akan-Twi,1980,1980s,Ghana,Akan motherland,6.748002315,-2.463960088,"Esi Sutherland-Addy, Aminata Diaw (2005). Women writing africa: West Africa and the sahel. Feminist Press at the City University of New York."
Toelo,singer,"belief, spirituality, religion, cosmogony, ancestrality","LISTEN TO ME, CHILD OF A GRIOT",San,1981,1980s,Burkina Faso,"Toma, Nyala",12.6403655,-4.40404073,"Esi Sutherland-Addy, Aminata Diaw (2005). Women writing africa: West Africa and the sahel. Feminist Press at the City University of New York."
//Ukxa NIa’an,♀,"belief, spirituality, religion, cosmogony, ancestrality",THE OLD PEOPLE GIVE YOU LIFE,Ju/’hoansi,1972,1970s,Botswana,Dobe,-19.56712993,21.04191067,"M. J. Daymond, Dorothy Driver, Sheila Meintjes, Leloba Molema, Chiedza Musengezi, Margie Orford, Nobantu Rasebotsa (2003). Women writing africa: The Southern Region. The Feminist Press at the City University of New York."
Elizabeth Ncube,"religious leader, ritual celebrant, healer","belief, spirituality, religion, cosmogony, ancestrality",PRAISE TO MBUYA NEHANDA,siNdebele,1993,1990s,Zimbabwe,Bulawayo,-20.05775614,28.61989783,"M. J. Daymond, Dorothy Driver, Sheila Meintjes, Leloba Molema, Chiedza Musengezi, Margie Orford, Nobantu Rasebotsa (2003). Women writing africa: The Southern Region. The Feminist Press at the City University of New York."
One Blanket (communal),♀,caring and loving,ONE BLANKET,Lango,1996,1990s,Uganda,"Odokomit, Lira",2.260996098,32.86742761,"Amandina Lihamba , Fulata L . Moyo , M.M . Mulokozi, Naomi L. Shitemi, Saida Yahya-Othman(2007). Women writing africa: the eastern region. Feminist Press at the City University of New York."
The impotent one climbed a tree (Langi Women of Odokomit),♀,caring and loving,THE IMPOTENT ONE CLIMBED A TREE,Lango,1996,1990s,Uganda,"Odokomit, Lira",2.260996098,32.86742761,"Amandina Lihamba , Fulata L . Moyo , M.M . Mulokozi, Naomi L. Shitemi, Saida Yahya-Othman(2007). Women writing africa: the eastern region. Feminist Press at the City University of New York."
S.C. Hara,♀,caring and loving,THE GREEDY HUSBAND,Chingoni,1997,1990s,Malawi,"Ekwendeni, Mzimba",-11.36568744,33.88041936,"M. J. Daymond, Dorothy Driver, Sheila Meintjes, Leloba Molema, Chiedza Musengezi, Margie Orford, Nobantu Rasebotsa (2003). Women writing africa: The Southern Region. The Feminist Press at the City University of New York."
Three Visekese songs (Women of Rumphi District),♀,caring and loving,THREE VlSEKESE SONGS,Chitumbuka,2000,2000s,Malawi,"Rumphi District, Malawi",-10.88427531,33.75657618,"M. J. Daymond, Dorothy Driver, Sheila Meintjes, Leloba Molema, Chiedza Musengezi, Margie Orford, Nobantu Rasebotsa (2003). Women writing africa: The Southern Region. The Feminist Press at the City University of New York."
Loise Kalondu wa Maseki ,♀,caring and loving,MAKE LOVE AND NOT BABIES,Kikamba,2000,2000s,Kenya,"Kitui, Kenya",-1.374799229,37.99422407,"Amandina Lihamba , Fulata L . Moyo , M.M . Mulokozi, Naomi L. Shitemi, Saida Yahya-Othman(2007). Women writing africa: the eastern region. Feminist Press at the City University of New York."
Njira Cbenga,♀,caring and loving,THE IRRESPONSIBLE HUSBAND,Kiduruma,2001,2000s,Kenya,Waduruma Mijikenda,-4.615234737,39.17956699,"Amandina Lihamba , Fulata L . Moyo , M.M . Mulokozi, Naomi L. Shitemi, Saida Yahya-Othman(2007). Women writing africa: the eastern region. Feminist Press at the City University of New York."
Vimbuza Songs (communal),♀,caring and loving,VlMBUZA SONGS,Chitumbuka,1997,1990s,Malawi,Mzimba District,-11.53544947,33.59112111,"M. J. Daymond, Dorothy Driver, Sheila Meintjes, Leloba Molema, Chiedza Musengezi, Margie Orford, Nobantu Rasebotsa (2003). Women writing africa: The Southern Region. The Feminist Press at the City University of New York."
Emily Mkandawire ,unknown,education,SHOULD WOMEN BE EDUCATED?,Chitumbuka ,1933,1930s,Malawi,Mzimba,-11.90003168,33.59252595,"M. J. Daymond, Dorothy Driver, Sheila Meintjes, Leloba Molema, Chiedza Musengezi, Margie Orford, Nobantu Rasebotsa (2003). Women writing africa: The Southern Region. The Feminist Press at the City University of New York."
Letters on Women's Education (Martha Kapanga and Mrs. E. Akapelwa Inambwae),teacher,education,LETTERS ON WOMEN'S EDUCATION,Silozi,1937,1930s,Zambia,Barotseland,-15.8692092,26.77279114,"M. J. Daymond, Dorothy Driver, Sheila Meintjes, Leloba Molema, Chiedza Musengezi, Margie Orford, Nobantu Rasebotsa (2003). Women writing africa: The Southern Region. The Feminist Press at the City University of New York."
Zaynab Himid Mohammed ,teacher,education,"FROM HUSH, MY CHILD, HUSH: OF ONIONS AND FRANKINCENSE",Kiswahili,1983,1980s,Tanzania,Zanzibar,-6.157368662,39.19474383,"Amandina Lihamba , Fulata L . Moyo , M.M . Mulokozi, Naomi L. Shitemi, Saida Yahya-Othman(2007). Women writing africa: the eastern region. Feminist Press at the City University of New York."
Esther Mwacbombo ,teacher,education,"I WANT SCHOOL, NOT MARRIAGE",Kiswahili,2001,2000s,Kenya,"Maandani, Kaloleni",-3.829141697,39.64231823,"Amandina Lihamba , Fulata L . Moyo , M.M . Mulokozi, Naomi L. Shitemi, Saida Yahya-Othman(2007). Women writing africa: the eastern region. Feminist Press at the City University of New York."
Charlotte Poda ,teacher,education,FROM SLAVERY TO SCHOOL,Kiswahili,2001,2000s,Kenya,Rabai Mijikenda,-3.927653388,39.5730226,"Amandina Lihamba , Fulata L . Moyo , M.M . Mulokozi, Naomi L. Shitemi, Saida Yahya-Othman(2007). Women writing africa: the eastern region. Feminist Press at the City University of New York."
Martha Qorro ,teacher,education,LANGUAGE IN TANZANIA,Kiswahili,2003,2000s,Tanzania,Dar es Salaam,-6.778520003,39.21041195,"Amandina Lihamba , Fulata L . Moyo , M.M . Mulokozi, Naomi L. Shitemi, Saida Yahya-Othman(2007). Women writing africa: the eastern region. Feminist Press at the City University of New York."
Adja Khady Diop,poetess,education,THE YEAR WE LOOKED UP AT THE BALLOON,Wolof,1975,1970s,Senegal,Dagana,16.51088073,-15.49902693,"Esi Sutherland-Addy, Aminata Diaw (2005). Women writing africa: West Africa and the sahel. Feminist Press at the City University of New York."
Mothers Union Members ,♀,gender biases and traditional cultural norms,A LETTER TO THE BISHOP,Luganda,1934,1930s,Uganda,"Gayaza High School, Kasangati",0.4566122288,32.60979345,"Amandina Lihamba , Fulata L . Moyo , M.M . Mulokozi, Naomi L. Shitemi, Saida Yahya-Othman(2007). Women writing africa: the eastern region. Feminist Press at the City University of New York."
Chauwa Banda,ruler,gender biases and traditional cultural norms,FIGHTING FOR MY CHIEFTAINCY,Chichewa,1936,1930s,Malawi,Lilongwe district,-13.96468057,33.78210256,"M. J. Daymond, Dorothy Driver, Sheila Meintjes, Leloba Molema, Chiedza Musengezi, Margie Orford, Nobantu Rasebotsa (2003). Women writing africa: The Southern Region. The Feminist Press at the City University of New York."
Princess Kaiko Nambayoy,ruler,gender biases and traditional cultural norms,MODERN MARRIAGES,Silozi,1936,1930s,Zambia,Barotseland,-14.84717652,24.7885759,"M. J. Daymond, Dorothy Driver, Sheila Meintjes, Leloba Molema, Chiedza Musengezi, Margie Orford, Nobantu Rasebotsa (2003). Women writing africa: The Southern Region. The Feminist Press at the City University of New York."
Nyense Namwandu,farmer,gender biases and traditional cultural norms,FIGHTING FOR WIDOW' S PROPERTY AND THE RIGHT TO REFUSE MARRIAGE,Luganda,1947,1940s,Uganda,Kyamuliibwa,-0.07704857883,31.75450095,"Amandina Lihamba , Fulata L . Moyo , M.M . Mulokozi, Naomi L. Shitemi, Saida Yahya-Othman(2007). Women writing africa: the eastern region. Feminist Press at the City University of New York."
Gidmay: Farewell to a Bride (communal),♀,gender biases and traditional cultural norms,GlDMAY: FAREWELL TO A BRIDE,Iraqw,1950s,1950s,Tanzania,Iraqw settlements of Northern Tanzania,-4.210112627,34.79134735,"Amandina Lihamba , Fulata L . Moyo , M.M . Mulokozi, Naomi L. Shitemi, Saida Yahya-Othman(2007). Women writing africa: the eastern region. Feminist Press at the City University of New York."
Mama Meli ,authoress,gender biases and traditional cultural norms,FROM SLAVERY TO FREEDOM,"Chimambwe 
",1950s,1950s,Zambia,Bemba chiefdom,-13.33873378,31.92004862,"M. J. Daymond, Dorothy Driver, Sheila Meintjes, Leloba Molema, Chiedza Musengezi, Margie Orford, Nobantu Rasebotsa (2003). Women writing africa: The Southern Region. The Feminist Press at the City University of New York."
Ng'washi ng'wana Nzuluge ,poetess,gender biases and traditional cultural norms,BIRDS WILL MOURN HER,Kisukuma,1956,1950s,Tanzania,Shinyanga region,-3.672261315,33.34241962,"Amandina Lihamba , Fulata L . Moyo , M.M . Mulokozi, Naomi L. Shitemi, Saida Yahya-Othman(2007). Women writing africa: the eastern region. Feminist Press at the City University of New York."
S. Nyakire ,unknown,gender biases and traditional cultural norms,LETTER ON SECLUSION,Kiswahili,1964,1960s,Tanzania,Tabora,-5.050197414,32.81784822,"Amandina Lihamba , Fulata L . Moyo , M.M . Mulokozi, Naomi L. Shitemi, Saida Yahya-Othman(2007). Women writing africa: the eastern region. Feminist Press at the City University of New York."
Mwajjuma Nalwadda ,authoress,gender biases and traditional cultural norms,A WIDOW'S LAND INHERITANCE,Luganda,1969,1960s,Uganda,Bukoto,0.3471943382,32.59610522,"Amandina Lihamba , Fulata L . Moyo , M.M . Mulokozi, Naomi L. Shitemi, Saida Yahya-Othman(2007). Women writing africa: the eastern region. Feminist Press at the City University of New York."
Anna Chipaka ,unknown,gender biases and traditional cultural norms,A BARMAID'S LIFE,Kiswahili,1980s,1980s,Tanzania,Mtwara,-10.29379064,40.17764117,"Amandina Lihamba , Fulata L . Moyo , M.M . Mulokozi, Naomi L. Shitemi, Saida Yahya-Othman(2007). Women writing africa: the eastern region. Feminist Press at the City University of New York."
Fatma binti Athman ,poetess,gender biases and traditional cultural norms,"MY HUSBAND WENT TO PATE, THE DAUGHTER THE MOTHER AND THE HUSBAND",Kipate,1983,1980s,Kenya,Pate Island,-2.10755785,41.0508867,"Amandina Lihamba , Fulata L . Moyo , M.M . Mulokozi, Naomi L. Shitemi, Saida Yahya-Othman(2007). Women writing africa: the eastern region. Feminist Press at the City University of New York."
Queen Namunyala ,singer,gender biases and traditional cultural norms,THE LANGUAGE OF HEALERS,Lusamia,1988,1980s,Uganda,Kenya-Uganda border,0.4158196478,34.04981465,"Amandina Lihamba , Fulata L . Moyo , M.M . Mulokozi, Naomi L. Shitemi, Saida Yahya-Othman(2007). Women writing africa: the eastern region. Feminist Press at the City University of New York."
Ester Nakate ,sacred natural site custodian,gender biases and traditional cultural norms,NAKAYIMA AND THE WONDER TREE,Luganda,1995,1990s,Uganda,"Nakayima Shrine, Mubende Hill",0.5758262273,31.37898388,"Amandina Lihamba , Fulata L . Moyo , M.M . Mulokozi, Naomi L. Shitemi, Saida Yahya-Othman(2007). Women writing africa: the eastern region. Feminist Press at the City University of New York."
Loise Kalondu wa Maseki,poetess,gender biases and traditional cultural norms,PROTEST AGAINST POLYGAMY,Kikamba,2000,2000s,Kenya,Akamba motherland,-1.323479778,37.448322,"Amandina Lihamba , Fulata L . Moyo , M.M . Mulokozi, Naomi L. Shitemi, Saida Yahya-Othman(2007). Women writing africa: the eastern region. Feminist Press at the City University of New York."
Mbuyu Nalumango ,poetess,gender biases and traditional cultural norms,"LET ME TRY WHETHER I CAN POUND, LET US POUND, LET US POUND, OH , GRANDMA, I AM POUNDING FOR MR . JOHN, OH , MY VISITORS","Kikaonde, Chiyanja, Chitumbuka, Silozi 
",2001,2000s,Zambia,Zambia Women Writers Association,-15.4117731,28.29993237,"M. J. Daymond, Dorothy Driver, Sheila Meintjes, Leloba Molema, Chiedza Musengezi, Margie Orford, Nobantu Rasebotsa (2003). Women writing africa: The Southern Region. The Feminist Press at the City University of New York."
Esther Shadrack Mwachiru ,midwife,gender biases and traditional cultural norms,"MY MOTHER, MY HERO",Kiduruma,2001,2000s,Kenya,Kinango,-4.139504187,39.31856346,"Amandina Lihamba , Fulata L . Moyo , M.M . Mulokozi, Naomi L. Shitemi, Saida Yahya-Othman(2007). Women writing africa: the eastern region. Feminist Press at the City University of New York."
Margaret Wangui Mwema ,teacher,gender biases and traditional cultural norms,THE STORY OF WACU,Gikuyu,2004,2000s,Kenya,Thika,-1.043146937,37.09961802,"Amandina Lihamba , Fulata L . Moyo , M.M . Mulokozi, Naomi L. Shitemi, Saida Yahya-Othman(2007). Women writing africa: the eastern region. Feminist Press at the City University of New York."
Dior Konate,singer,gender biases and traditional cultural norms,SHE WHO DESTROYS HER HARP,Wolof,1998,1990s,Senegal,,15.39634995,-15.11623086,"Esi Sutherland-Addy, Aminata Diaw (2005). Women writing africa: West Africa and the sahel. Feminist Press at the City University of New York."
These West-Coasters are Liars (communal),♀,gender biases and traditional cultural norms,THESE WEST-COASTERS ARE LIARS,Songhai-Zarma,1998,1990s,Niger,Songhai-Zarma,10.08432772,-2.35359289,"Esi Sutherland-Addy, Aminata Diaw (2005). Women writing africa: West Africa and the sahel. Feminist Press at the City University of New York."
Seybata (communal),♀,gender biases and traditional cultural norms,SEYBATA,Songhai-Zarma,1999,1990s,Niger,Niamey,13.52195411,1.891154698,"Esi Sutherland-Addy, Aminata Diaw (2005). Women writing africa: West Africa and the sahel. Feminist Press at the City University of New York."
Eyidi (communal),♀,gender biases and traditional cultural norms,EYIDI,Abe,1979,1970s,Côte d'Ivoire,Abbey motherland,5.968360389,-4.219107856,"Esi Sutherland-Addy, Aminata Diaw (2005). Women writing africa: West Africa and the sahel. Feminist Press at the City University of New York."
Mareme Seye,♀,gender biases and traditional cultural norms,TAASU,Wolof,1979,1970s,Senegal,Mbos,14.36165722,-15.74606355,"Esi Sutherland-Addy, Aminata Diaw (2005). Women writing africa: West Africa and the sahel. Feminist Press at the City University of New York."
Kunak Bonat,♀,gender biases and traditional cultural norms,DID YOU SAY I AM OLD?,Hausa,1970,1970s,Nigeria,Kaduna state,9.732946617,7.582715611,"Esi Sutherland-Addy, Aminata Diaw (2005). Women writing africa: West Africa and the sahel. Feminist Press at the City University of New York."
Bohintu Kulibali,poetess,gender biases and traditional cultural norms,I AM NOT A COW,Bambara,2000,2000s,Mali,Bamako,12.66212149,-8.013380715,"Esi Sutherland-Addy, Aminata Diaw (2005). Women writing africa: West Africa and the sahel. Feminist Press at the City University of New York."
"Baboni Khama, Mmakgama Khama, Milly Khama, Oratile Sekgoma",ruler,gender biases and traditional cultural norms,LETTER TO THE HIGH COMMISSIONER,Setswana,1926,1920s,Botswana,Bangwato chieftainship,-22.86255893,26.23501812,"M. J. Daymond, Dorothy Driver, Sheila Meintjes, Leloba Molema, Chiedza Musengezi, Margie Orford, Nobantu Rasebotsa (2003). Women writing africa: The Southern Region. The Feminist Press at the City University of New York."
Dorothy Masuka,musician,gender biases and traditional cultural norms,NOLISHWA,siNdebele,1956,1950s,Zimbabwe,Bulawayo,-20.15055561,28.58403398,"M. J. Daymond, Dorothy Driver, Sheila Meintjes, Leloba Molema, Chiedza Musengezi, Margie Orford, Nobantu Rasebotsa (2003). Women writing africa: The Southern Region. The Feminist Press at the City University of New York."
Jane Chifamba,teacher,gender biases and traditional cultural norms,THE WIDOW AND THE BABOONS,chiShona,1964,1960s,Zimbabwe,Harare,-17.82206231,31.04924312,"M. J. Daymond, Dorothy Driver, Sheila Meintjes, Leloba Molema, Chiedza Musengezi, Margie Orford, Nobantu Rasebotsa (2003). Women writing africa: The Southern Region. The Feminist Press at the City University of New York."
Maria Munsaka,♀,gender biases and traditional cultural norms,NHAMIWA'S MAGIC STICK,Tonga,1991,1990s,Zimbabwe,Binga,-17.61829078,27.33926213,"M. J. Daymond, Dorothy Driver, Sheila Meintjes, Leloba Molema, Chiedza Musengezi, Margie Orford, Nobantu Rasebotsa (2003). Women writing africa: The Southern Region. The Feminist Press at the City University of New York."
Zeina binti Mwinyipembe Sekinyaga,unknown,gender justice,CIVILIZED MOTHERHOOD ,Kiswahili,1926,1920s,Tanzania,Tanganyka Territory,-6.400382339,31.20422344,"Amandina Lihamba , Fulata L . Moyo , M.M . Mulokozi, Naomi L. Shitemi, Saida Yahya-Othman(2007). Women writing africa: the eastern region. Feminist Press at the City University of New York."
Loise Kalondu wa Maseki,farmer,gender justice,A COURAGEOUS WOMAN,Kikamba,2000,2000s,Kenya,Kitui District,-1.368098439,38.07399584,"Amandina Lihamba , Fulata L . Moyo , M.M . Mulokozi, Naomi L. Shitemi, Saida Yahya-Othman(2007). Women writing africa: the eastern region. Feminist Press at the City University of New York."
"Allisoo is an insult (Qabale Kosi, Shane Halake, and Darmi Dida)",♀,gender justice,ALLISOO IS AN INSULT,Borana,2001,2000s,Kenya,"Madho Adhi village, Sololo Division",3.559657385,38.64445435,"Amandina Lihamba , Fulata L . Moyo , M.M . Mulokozi, Naomi L. Shitemi, Saida Yahya-Othman(2007). Women writing africa: the eastern region. Feminist Press at the City University of New York."
Sarah Atoo ,♀,gender justice,"WITHOUT WOMEN, THE MONSTROUS DISEASE",Acoli,2001,2000s,Uganda,Acoliland,3.381705637,32.51271647,"Amandina Lihamba , Fulata L . Moyo , M.M . Mulokozi, Naomi L. Shitemi, Saida Yahya-Othman(2007). Women writing africa: the eastern region. Feminist Press at the City University of New York."
Queen Regent Labotsibeni,ruler,gender justice,ADDRESS TO THE RESIDENT COMMISSIONER,siSwati,1921,1920s,eSwatini,Ludzidzini,-26.46061372,31.201421,"M. J. Daymond, Dorothy Driver, Sheila Meintjes, Leloba Molema, Chiedza Musengezi, Margie Orford, Nobantu Rasebotsa (2003). Women writing africa: The Southern Region. The Feminist Press at the City University of New York."
Nontsizi Mgqwetho,poetess,gender justice,"LISTEN, COMPATRIOTS!",isiXhosa,1924,1920s,South Africa,Johannesburg,-26.20411919,28.04634286,"M. J. Daymond, Dorothy Driver, Sheila Meintjes, Leloba Molema, Chiedza Musengezi, Margie Orford, Nobantu Rasebotsa (2003). Women writing africa: The Southern Region. The Feminist Press at the City University of New York."
Nekwaya Loide Shikongo,singer,gender justice,SONG OF KING IIPUMBU,oshiNdonga,1953,1950s,Namibia,Oniipa,-17.91238416,16.03409642,"M. J. Daymond, Dorothy Driver, Sheila Meintjes, Leloba Molema, Chiedza Musengezi, Margie Orford, Nobantu Rasebotsa (2003). Women writing africa: The Southern Region. The Feminist Press at the City University of New York."
Siti binti Saad,singer,gender-based violence,"KlJITI, THERE IS NO DAMAGE,
WITH MISSIVE I AM SENDING YOU,
DO NOT EXPOSE A SECRET",Kiswahili,1920s,1920s,Tanzania,Fumba,-6.31668821,39.28614875,"Amandina Lihamba , Fulata L . Moyo , M.M . Mulokozi, Naomi L. Shitemi, Saida Yahya-Othman(2007). Women writing africa: the eastern region. Feminist Press at the City University of New York."
"Letter opposing female circumcision (Nyambura wa Kihurani, Raheli Wariga wa Johanna,
and Alice Murigo wa Meshak)",teacher,gender-based violence,LETTER OPPOSING FEMALE CIRCUMCISION,Gikuyu,1931,1930s,Kenya,Kirinyaga,-0.5359882679,37.00464532,"Amandina Lihamba , Fulata L . Moyo , M.M . Mulokozi, Naomi L. Shitemi, Saida Yahya-Othman(2007). Women writing africa: the eastern region. Feminist Press at the City University of New York."
Erusa Kibanda ,unknown,gender-based violence,DOMESTIC VIOLENCE,Luganda,1939,1930s,Uganda,Mutundwe,0.2848310272,32.53691869,"Amandina Lihamba , Fulata L . Moyo , M.M . Mulokozi, Naomi L. Shitemi, Saida Yahya-Othman(2007). Women writing africa: the eastern region. Feminist Press at the City University of New York."
Santa Apoto ,♀,gender-based violence,I AM SITTING DOWN TO WRITE THIS LETTER,Acoli,2001,2000s,Uganda,Acoliland,3.18537934,32.57863499,"Amandina Lihamba , Fulata L . Moyo , M.M . Mulokozi, Naomi L. Shitemi, Saida Yahya-Othman(2007). Women writing africa: the eastern region. Feminist Press at the City University of New York."
Khami,♀,gender-based violence,COURT RECORD,Shangaani,1908,1900s,Zimbabwe,Gwanda,-20.93474487,29.01536844,"M. J. Daymond, Dorothy Driver, Sheila Meintjes, Leloba Molema, Chiedza Musengezi, Margie Orford, Nobantu Rasebotsa (2003). Women writing africa: The Southern Region. The Feminist Press at the City University of New York."
Segametsi Molefe,♀,gender-based violence,COURT STATEMENT,Setswana,1964,1960s,Botswana,Molepolole,-24.40622159,25.51511534,"M. J. Daymond, Dorothy Driver, Sheila Meintjes, Leloba Molema, Chiedza Musengezi, Margie Orford, Nobantu Rasebotsa (2003). Women writing africa: The Southern Region. The Feminist Press at the City University of New York."
Afua Kobi,trader,inter-communal violence,A TRADER CAUGHT IN ETHNIC VIOLENCE,Akan-Twi,1994,1990s,Ghana,Kamusi,6.607115102,-1.506556137,"Esi Sutherland-Addy, Aminata Diaw (2005). Women writing africa: West Africa and the sahel. Feminist Press at the City University of New York."
Mwana Kupona binti Msbam,ruler,"motherhood, sisterhood",FROM A MOTHER' S ADVICE AND PRAYER: AN EPIC POEM,Kiswahili,1858,1850s,Kenya,Lamu Island,-2.27909759,40.85938125,"Amandina Lihamba , Fulata L . Moyo , M.M . Mulokozi, Naomi L. Shitemi, Saida Yahya-Othman(2007). Women writing africa: the eastern region. Feminist Press at the City University of New York."
Bibi Pirira Athumani,poetess,"motherhood, sisterhood","THE STEPMOTHER, LOVE HAS NO CURE",Kiswahili,1950s,1950s,Tanzania,Tanga,-5.060761435,39.08204727,"Amandina Lihamba , Fulata L . Moyo , M.M . Mulokozi, Naomi L. Shitemi, Saida Yahya-Othman(2007). Women writing africa: the eastern region. Feminist Press at the City University of New York."
Mary Penelope Mfune,authoress,"motherhood, sisterhood",THE SINGING DRUM,Chiyanja,1999,1990s,Zambia,"Chief Mukutuma's village, Ndola Rural District",-13.04924854,28.65718109,"M. J. Daymond, Dorothy Driver, Sheila Meintjes, Leloba Molema, Chiedza Musengezi, Margie Orford, Nobantu Rasebotsa (2003). Women writing africa: The Southern Region. The Feminist Press at the City University of New York."
Nine lullabies from Zanzibar (communal),♀,"motherhood, sisterhood",NINE LULLABIES FROM ZANZIBAR,Kiswahili,2002,2000s,Tanzania,,,,"Amandina Lihamba , Fulata L . Moyo , M.M . Mulokozi, Naomi L. Shitemi, Saida Yahya-Othman(2007). Women writing africa: the eastern region. Feminist Press at the City University of New York."
Four lullabies from Uganda (communal),♀,"motherhood, sisterhood",FOUR LULLABIES FROM UGANDA,"Luganda, Lango, Acoli, Lugisu",2002,2000s,Uganda,,,,"Amandina Lihamba , Fulata L . Moyo , M.M . Mulokozi, Naomi L. Shitemi, Saida Yahya-Othman(2007). Women writing africa: the eastern region. Feminist Press at the City University of New York."
Four lullabies from Zambia (communal),♀,"motherhood, sisterhood",FOUR LULLABIES FROM ZAMBIA,"Chiyanja, Chibemba, Chimbunda",2002,2000s,Zambia,,,,"M. J. Daymond, Dorothy Driver, Sheila Meintjes, Leloba Molema, Chiedza Musengezi, Margie Orford, Nobantu Rasebotsa (2003). Women writing africa: The Southern Region. The Feminist Press at the City University of New York."
Elizabeth Mgbeke Ezumah,homemaker,"motherhood, sisterhood",CHAMPION OF TWINS,Igbo,1998,1990s,Nigeria,Ngodo Isuochi,5.977793056,7.392842754,"Esi Sutherland-Addy, Aminata Diaw (2005). Women writing africa: West Africa and the sahel. Feminist Press at the City University of New York."
Tabardé (communal),herder,"motherhood, sisterhood",TABARDÉ,Tuareg,1999,1990s,Niger,Sahara Desert,17.78902595,5.955036906,"Esi Sutherland-Addy, Aminata Diaw (2005). Women writing africa: West Africa and the sahel. Feminist Press at the City University of New York."
Nawa Kulibali,singer,"motherhood, sisterhood",NAWA'S LAMENT,Senufo,1986,1980s,Côte d'Ivoire,Korhogo,9.459436436,-5.603960835,"Esi Sutherland-Addy, Aminata Diaw (2005). Women writing africa: West Africa and the sahel. Feminist Press at the City University of New York."
Victoria Nombulelo M. Swaartbooi,authoress,"motherhood, sisterhood",UMANDISA,isiXhosa,1934,1930s,South Africa,Eastern Cape,-31.74317742,28.00886587,"M. J. Daymond, Dorothy Driver, Sheila Meintjes, Leloba Molema, Chiedza Musengezi, Margie Orford, Nobantu Rasebotsa (2003). Women writing africa: The Southern Region. The Feminist Press at the City University of New York."
Mekulu Muk'ivahongo Ester Kamati,poetess,"motherhood, sisterhood",CHILDREN OF NAMIBIA,uuKwanyama,1989,1980s,Namibia,northern Namibia,-17.6625954,16.68574486,"M. J. Daymond, Dorothy Driver, Sheila Meintjes, Leloba Molema, Chiedza Musengezi, Margie Orford, Nobantu Rasebotsa (2003). Women writing africa: The Southern Region. The Feminist Press at the City University of New York."
Barbro Johansson,missionary-teacher,political participation,THE ADVANCEMENT OF WOMEN,Kiswahili,1964,1960s,Tanzania,Bukoba,-1.323989471,31.80298415,"Amandina Lihamba , Fulata L . Moyo , M.M . Mulokozi, Naomi L. Shitemi, Saida Yahya-Othman(2007). Women writing africa: the eastern region. Feminist Press at the City University of New York."
Lucy Lameck,politician,political participation,AFRICANS ARE NOT POOR,Kiswahili,1965,1960s,Tanzania,Moshi-Njoro,-3.366053671,37.3391298,"Amandina Lihamba , Fulata L . Moyo , M.M . Mulokozi, Naomi L. Shitemi, Saida Yahya-Othman(2007). Women writing africa: the eastern region. Feminist Press at the City University of New York."
Bibi Titi Mohamed,politician,political participation,SACRIFICES FOR CHANGE,Kiswahili,1965,1960s,Tanzania,Dar es Salaam,-6.818819455,39.28295119,"Amandina Lihamba , Fulata L . Moyo , M.M . Mulokozi, Naomi L. Shitemi, Saida Yahya-Othman(2007). Women writing africa: the eastern region. Feminist Press at the City University of New York."
Grace Awach,singer,political participation,"LET US PRAISE PHOEBE, OUR MP",Dholuo,1994,1990s,Kenya,Nyanza Province,-0.5231419335,34.63093523,"Amandina Lihamba , Fulata L . Moyo , M.M . Mulokozi, Naomi L. Shitemi, Saida Yahya-Othman(2007). Women writing africa: the eastern region. Feminist Press at the City University of New York."
Lalweny Fanta,♀,political participation,WHEN WE SAY,Acoli,2001,2000s,Uganda,Acoliland,3.031932899,32.39978589,"Amandina Lihamba , Fulata L . Moyo , M.M . Mulokozi, Naomi L. Shitemi, Saida Yahya-Othman(2007). Women writing africa: the eastern region. Feminist Press at the City University of New York."
Christine Lamwaka ,♀,political participation,WE ARE NOW EQUAL,Acoli,2001,2000s,Uganda,Acoliland,2.907742824,32.68189124,"Amandina Lihamba , Fulata L . Moyo , M.M . Mulokozi, Naomi L. Shitemi, Saida Yahya-Othman(2007). Women writing africa: the eastern region. Feminist Press at the City University of New York."
"Unangoroa Maherero, Louisa Kambazembi, Edla Maherero, Augusta Kambazembi, Magdalina Katjimune, Hester Keha",♀,political participation,NATION IS GOING TO RUINATION,otjiHerero,1936,1930s,Namibia,Waterberg East Native Reserve,-24.22220952,27.88543887,"M. J. Daymond, Dorothy Driver, Sheila Meintjes, Leloba Molema, Chiedza Musengezi, Margie Orford, Nobantu Rasebotsa (2003). Women writing africa: The Southern Region. The Feminist Press at the City University of New York."
Pelagia Aloyse Katunzi ,poetess,reproductive right,WHAT LOAD IS THIS WITHOUT A RELIEVER? WHAT SUGAR IS THIS THAT CONTAINS POISON?,Kiswahili,2000,2000s,Tanzania,,-6.450302903,34.9558311,"Amandina Lihamba , Fulata L . Moyo , M.M . Mulokozi, Naomi L. Shitemi, Saida Yahya-Othman(2007). Women writing africa: the eastern region. Feminist Press at the City University of New York."
Beta Aida ,♀,reproductive right,APOTO THE GIRL,Acoli,2001,2000s,Uganda,Acoliland,3.271622726,32.68281109,"Amandina Lihamba , Fulata L . Moyo , M.M . Mulokozi, Naomi L. Shitemi, Saida Yahya-Othman(2007). Women writing africa: the eastern region. Feminist Press at the City University of New York."
Lusi Kyebakutika,unknown,sex work,THE WORD PROSTITUTE HAS CONFUSED US,Luganda,1932,1930s,Uganda,Bwayise,0.3507779873,32.55777198,"Amandina Lihamba , Fulata L . Moyo , M.M . Mulokozi, Naomi L. Shitemi, Saida Yahya-Othman(2007). Women writing africa: the eastern region. Feminist Press at the City University of New York."
Women are Human Beings (Z and G),sex worker,sex work,WOMEN ARE HUMAN BEINGS,Kiswahili,1950,1950s,Tanzania,Bukoba,-1.329931864,31.80510892,"Amandina Lihamba , Fulata L . Moyo , M.M . Mulokozi, Naomi L. Shitemi, Saida Yahya-Othman(2007). Women writing africa: the eastern region. Feminist Press at the City University of New York."
Zeyana Ali Muh'd,teacher,traditional knowledge and customs,"TRAVEL AND LEARN, COOKING LESSONS IN THE VILLAGES",Kiswahili,1940,1940s,Tanzania,Unguja,-6.140859972,39.36085415,"Amandina Lihamba , Fulata L . Moyo , M.M . Mulokozi, Naomi L. Shitemi, Saida Yahya-Othman(2007). Women writing africa: the eastern region. Feminist Press at the City University of New York."
One Single Measure (communal),farmer,traditional knowledge and customs,ONE SINGLE MEASURE,Diola,1998,1990s,Senegal,Casamance,12.77375803,-15.62102532,"Esi Sutherland-Addy, Aminata Diaw (2005). Women writing africa: West Africa and the sahel. Feminist Press at the City University of New York."
Invocation at Milking (communal),herder,traditional knowledge and customs,INVOCATION AT MILKING,Fulfulde/Pulaar,1987,1980s,Guinea,Fuuta Djallon mountains,12.08353943,-12.70375112,"Esi Sutherland-Addy, Aminata Diaw (2005). Women writing africa: West Africa and the sahel. Feminist Press at the City University of New York."
Nana Adwoa Anokyewaa,politician,traditional knowledge and customs,"KAPRO, THE ROYAL GIFT",Akan-Twi,1998,1990s,Ghana,Kapro,8.168643246,-0.7452473845,"Esi Sutherland-Addy, Aminata Diaw (2005). Women writing africa: West Africa and the sahel. Feminist Press at the City University of New York."
Lydia Umkasetemba,unknown,traditional knowledge and customs,UNANANA-BOSELE,isiZulu,1868,1860s,South Africa,KwaZulu-Natal,-28.58358444,30.88613156,"M. J. Daymond, Dorothy Driver, Sheila Meintjes, Leloba Molema, Chiedza Musengezi, Margie Orford, Nobantu Rasebotsa (2003). Women writing africa: The Southern Region. The Feminist Press at the City University of New York."
!Kweiten ta //ken,unknown,traditional knowledge and customs,WHAT THE MAIDENS DO WITH ROOI KLIP,/Xam,1874,1870s,South Africa,Mowbray,-33.94705451,18.47711564,"M. J. Daymond, Dorothy Driver, Sheila Meintjes, Leloba Molema, Chiedza Musengezi, Margie Orford, Nobantu Rasebotsa (2003). Women writing africa: The Southern Region. The Feminist Press at the City University of New York."
Kambauruma Kazahendikey,authoress,traditional knowledge and customs,TWO LIONS WHO CHANGED THEMSELVES INTO PEOPLE AND MARRIED TWO HERERO GIRLS,otjiHerero,1886,1880s,Namibia,Kaokoland,-19.29359699,13.55292274,"M. J. Daymond, Dorothy Driver, Sheila Meintjes, Leloba Molema, Chiedza Musengezi, Margie Orford, Nobantu Rasebotsa (2003). Women writing africa: The Southern Region. The Feminist Press at the City University of New York."
Ntebogang Ratshosa,ruler,traditional knowledge and customs,SPEECH TO THE BANGWAKETSE,Setswana,1928,1920s,Botswana,Bangwaketse chieftainship,-25.55037979,22.36181675,"M. J. Daymond, Dorothy Driver, Sheila Meintjes, Leloba Molema, Chiedza Musengezi, Margie Orford, Nobantu Rasebotsa (2003). Women writing africa: The Southern Region. The Feminist Press at the City University of New York."
Di//xao =Oma,farmer,traditional knowledge and customs,OUR GOVERNMENT IS A GLOWING EMBER,Ju/’hoansi,1988,1980s,Namibia,Nyae Nyae,-19.59255021,20.50338141,"M. J. Daymond, Dorothy Driver, Sheila Meintjes, Leloba Molema, Chiedza Musengezi, Margie Orford, Nobantu Rasebotsa (2003). Women writing africa: The Southern Region. The Feminist Press at the City University of New York."
Beh NIa’an,♀,traditional knowledge and customs,GIRAFFE SONG,Ju/’hoansi,1991,1990s,Namibia,N=aqmtjoha,-19.68642978,20.63177724,"M. J. Daymond, Dorothy Driver, Sheila Meintjes, Leloba Molema, Chiedza Musengezi, Margie Orford, Nobantu Rasebotsa (2003). Women writing africa: The Southern Region. The Feminist Press at the City University of New York."
Nana Asma'u Shaykh Uthman D'an Fodiyo,poetess,"belief, spirituality, religion, cosmogony, ancestrality",ELEGY FOR ZAHARATU,Fulfulde,1857,1850s,Nigeria,Degel,12.86103564,5.052676846,"Esi Sutherland-Addy, Aminata Diaw (2005). Women writing africa: West Africa and the sahel. Feminist Press at the City University of New York."
Ola Bentsir Adzewa Group,singer,"belief, spirituality, religion, cosmogony, ancestrality",THE WARRING HOSTS,Akan-Fante,1996,1990s,Ghana,Cape Coast,5.125716273,-1.285668613,"Esi Sutherland-Addy, Aminata Diaw (2005). Women writing africa: West Africa and the sahel. Feminist Press at the City University of New York."